{
  "version": "7",
  "dialect": "mysql",
  "entries": [
    {
      "idx": 0,
      "version": "5",
      "when": 1763372440610,
      "tag": "0000_elite_eternals",
      "breakpoints": true
    },
    {
      "idx": 1,
      "version": "5",
      "when": 1769555779500,
      "tag": "0001_modern_black_tarantula",
      "breakpoints": true
    },
    {
      "idx": 2,
      "version": "5",
      "when": 1769713659747,
      "tag": "0002_rich_celestials",
      "breakpoints": true
    },
    {
      "idx": 3,
      "version": "5",
      "when": 1769713673918,
      "tag": "0003_round_newton_destine",
      "breakpoints": true
    }
  ]
}